{
    "id": "62f8012afb4f3c7f59018c16",
    "aaId": "62f80128c1b3a10ac3ad4394",
    "activityBlocked": false,
    "avatarHash": "c78360e3abfe9ab39fcfdb6f9d901a78",
    "avatarUrl": "https://trello-members.s3.amazonaws.com/62f8012afb4f3c7f59018c16/c78360e3abfe9ab39fcfdb6f9d901a78",
    "bio": "",
    "bioData": null,
    "confirmed": true,
    "fullName": "Eman Mohsen",
    "idEnterprise": null,
    "idEnterprisesDeactivated": [],
    "idMemberReferrer": null,
    "idPremOrgsAdmin": [],
    "initials": "EM",
    "memberType": "normal",
    "nonPublic": {},
    "nonPublicAvailable": true,
    "products": [],
    "url": "https://trello.com/emma_93901",
    "username": "emma_93901",
    "status": "disconnected",
    "aaBlockSyncUntil": null,
    "aaEmail": null,
    "aaEnrolledDate": null,
    "avatarSource": "none",
    "credentialsRemovedCount": 0,
    "domainClaimed": null,
    "email": "emma_9390@yahoo.com",
    "goldSunsetFreeTrialIdOrganization": null,
    "gravatarHash": "24d3c08bf3c6a5357a992e5a40ab4d27",
    "idBoards": [
        "60ba60b3b3cfae2ecdd80e5e",
        "62f801dc7dfe454e8af146c1"
    ],
    "idOrganizations": [
        "62f801bd48668b1ac48db47d"
    ],
    "idEnterprisesAdmin": [],
    "limits": {
        "boards": {
            "totalPerMember": {
                "status": "ok",
                "disableAt": 4500,
                "warnAt": 3600
            }
        },
        "orgs": {
            "totalPerMember": {
                "status": "ok",
                "disableAt": 850,
                "warnAt": 680
            }
        }
    },
    "loginTypes": [
        "atlassian"
    ],
    "marketingOptIn": {
        "optedIn": true,
        "date": "2022-08-13T19:54:56.929Z"
    },
    "messagesDismissed": [],
    "oneTimeMessagesDismissed": [
        "sent-possible-new-signup-event",
        "close-menu-of-first-board"
    ],
    "prefs": {
        "privacy": {
            "fullName": "public",
            "avatar": "public"
        },
        "sendSummaries": true,
        "minutesBetweenSummaries": 60,
        "minutesBeforeDeadlineToNotify": 1440,
        "colorBlind": false,
        "locale": "en-US"
    },
    "trophies": [],
    "uploadedAvatarHash": null,
    "uploadedAvatarUrl": null,
    "premiumFeatures": [
        "additionalBoardBackgrounds",
        "additionalStickers",
        "customBoardBackgrounds",
        "customEmoji",
        "customStickers",
        "plugins"
    ],
    "isAaMastered": true,
    "ixUpdate": "13",
    "boards": [
        {
            "id": "60ba60b3b3cfae2ecdd80e5e",
            "name": "IntCoreTask - Done via Samsung Galaxy J8 (Android 10)",
            "closed": false,
            "idOrganization": "602baae47e67394e5838b95e",
            "pinned": false
        },
        {
            "id": "62f801dc7dfe454e8af146c1",
            "name": "Ride",
            "closed": false,
            "idOrganization": "62f801bd48668b1ac48db47d",
            "pinned": false
        }
    ]
}