{
	"info": {
		"_postman_id": "f45b7eb6-6dee-409d-b96b-27ce06d6d1b6",
		"name": "Trello API",
		"schema": "https://schema.getpostman.com/json/collection/v2.1.0/collection.json",
		"_exporter_id": "8796062"
	},
	"item": [
		{
			"name": "Test key & Token values",
			"request": {
				"method": "GET",
				"header": [],
				"url": {
					"raw": "https://api.trello.com/1/members/me?boards=open&key=77945938297dbf7f74d3eae6b8272bdf&token=115e81ec58d01219d8e7db7369c347697903093bed1d178a00d552f0ec059c93",
					"protocol": "https",
					"host": [
						"api",
						"trello",
						"com"
					],
					"path": [
						"1",
						"members",
						"me"
					],
					"query": [
						{
							"key": "boards",
							"value": "open"
						},
						{
							"key": "key",
							"value": "77945938297dbf7f74d3eae6b8272bdf"
						},
						{
							"key": "token",
							"value": "115e81ec58d01219d8e7db7369c347697903093bed1d178a00d552f0ec059c93"
						}
					]
				}
			},
			"response": []
		},
		{
			"name": "Create a board",
			"event": [
				{
					"listen": "test",
					"script": {
						"exec": [
							"\r",
							"pm.test(\"Verify the most important parameters and confirm its default values\", function () {\r",
							"    \r",
							"    var responseBody = pm.response.json();\r",
							"    pm.expect(responseBody.closed).to.equal(false);\r",
							"    pm.expect(responseBody.prefs.permissionLevel).to.equal(\"private\");\r",
							"    pm.expect(responseBody.prefs.canBePublic).to.equal(true);\r",
							"    pm.expect(responseBody.prefs.canInvite).to.equal(true);\r",
							"    \r",
							"\r",
							"    /*\r",
							"    console.log(responseBody.closed);\r",
							"    console.log(responseBody.prefs.permissionLevel);\r",
							"    console.log(responseBody.prefs.canBePublic);\r",
							"    console.log(responseBody.prefs.canInvite);\r",
							"    */\r",
							"});"
						],
						"type": "text/javascript"
					}
				}
			],
			"request": {
				"method": "POST",
				"header": [],
				"url": {
					"raw": "https://api.trello.com/1/boards/?name={{boardName}}&key={{Key}}&token={{Token}}",
					"protocol": "https",
					"host": [
						"api",
						"trello",
						"com"
					],
					"path": [
						"1",
						"boards",
						""
					],
					"query": [
						{
							"key": "name",
							"value": "{{boardName}}"
						},
						{
							"key": "key",
							"value": "{{Key}}"
						},
						{
							"key": "token",
							"value": "{{Token}}"
						}
					]
				}
			},
			"response": []
		},
		{
			"name": "Get open boards, their count and verify that it is above 1",
			"event": [
				{
					"listen": "test",
					"script": {
						"exec": [
							"var responseBody = pm.response.json();\r",
							"var numOfBoards = responseBody.boards.length;\r",
							"\r",
							"pm.test(\"Make sure boards count is above 1\", function () {\r",
							"    pm.expect(numOfBoards).to.be.above(1);\r",
							"});\r",
							"\r",
							"function compareIDs(a, b) {\r",
							"  if ( a.id < b.id ){\r",
							"    return -1;\r",
							"  }\r",
							"  if ( a.id > b.id ){\r",
							"    return 1;\r",
							"  }\r",
							"  return 0;\r",
							"}\r",
							"\r",
							"responseBody.boards.sort( compareIDs );\r",
							"\r",
							"console.log(responseBody.boards);\r",
							"\r",
							"pm.globals.set(\"FirstBoardID\", responseBody.boards[0].id);\r",
							"\r",
							"pm.globals.set(\"LastBoardID\", responseBody.boards[numOfBoards-1].id);\r",
							"\r",
							"console.log(\"FirstBoardID = \" + pm.globals.get(\"FirstBoardID\"));\r",
							"\r",
							"console.log(\"LastBoardID = \" +pm.globals.get(\"LastBoardID\"));"
						],
						"type": "text/javascript"
					}
				}
			],
			"request": {
				"method": "GET",
				"header": [],
				"url": {
					"raw": "https://api.trello.com/1/members/me?boards=open&key={{Key}}&token={{Token}}",
					"protocol": "https",
					"host": [
						"api",
						"trello",
						"com"
					],
					"path": [
						"1",
						"members",
						"me"
					],
					"query": [
						{
							"key": "boards",
							"value": "open"
						},
						{
							"key": "key",
							"value": "{{Key}}"
						},
						{
							"key": "token",
							"value": "{{Token}}"
						}
					]
				}
			},
			"response": []
		},
		{
			"name": "Delete a Board",
			"event": [
				{
					"listen": "test",
					"script": {
						"exec": [
							"pm.test(\"Status code is 200\", function () {\r",
							"    pm.response.to.have.status(200);\r",
							"});\r",
							"\r",
							"\r",
							"/*\r",
							"Note:I couldn't find a meaningful message at the response body to assert it ,as the response body always displays : \r",
							"{\r",
							"    \"_value\": null\r",
							"}\r",
							"*/"
						],
						"type": "text/javascript"
					}
				},
				{
					"listen": "prerequest",
					"script": {
						"exec": [
							""
						],
						"type": "text/javascript"
					}
				}
			],
			"request": {
				"method": "DELETE",
				"header": [],
				"url": {
					"raw": "https://api.trello.com/1/boards/{{LastBoardID}}?key={{Key}}&token={{Token}}",
					"protocol": "https",
					"host": [
						"api",
						"trello",
						"com"
					],
					"path": [
						"1",
						"boards",
						"{{LastBoardID}}"
					],
					"query": [
						{
							"key": "key",
							"value": "{{Key}}"
						},
						{
							"key": "token",
							"value": "{{Token}}"
						}
					]
				}
			},
			"response": []
		},
		{
			"name": "Re-arrange boards IDs",
			"event": [
				{
					"listen": "test",
					"script": {
						"exec": [
							"var responseBody = pm.response.json();\r",
							"var numOfBoards = responseBody.boards.length;\r",
							"\r",
							"function compareIDs(a, b) {\r",
							"  if ( a.id < b.id ){\r",
							"    return -1;\r",
							"  }\r",
							"  if ( a.id > b.id ){\r",
							"    return 1;\r",
							"  }\r",
							"  return 0;\r",
							"}\r",
							"\r",
							"responseBody.boards.sort( compareIDs );\r",
							"\r",
							"console.log(responseBody.boards);\r",
							"\r",
							"pm.globals.set(\"FirstBoardID\", responseBody.boards[0].id);\r",
							"\r",
							"pm.globals.set(\"LastBoardID\", responseBody.boards[numOfBoards-1].id);\r",
							"\r",
							"console.log(\"FirstBoardID = \" + pm.globals.get(\"FirstBoardID\"));\r",
							"\r",
							"console.log(\"LastBoardID = \" +pm.globals.get(\"LastBoardID\"));"
						],
						"type": "text/javascript"
					}
				}
			],
			"request": {
				"method": "GET",
				"header": [],
				"url": {
					"raw": "https://api.trello.com/1/members/me?boards=open&key={{Key}}&token={{Token}}",
					"protocol": "https",
					"host": [
						"api",
						"trello",
						"com"
					],
					"path": [
						"1",
						"members",
						"me"
					],
					"query": [
						{
							"key": "boards",
							"value": "open"
						},
						{
							"key": "key",
							"value": "{{Key}}"
						},
						{
							"key": "token",
							"value": "{{Token}}"
						}
					]
				}
			},
			"response": []
		},
		{
			"name": "Create a List",
			"event": [
				{
					"listen": "test",
					"script": {
						"exec": [
							"var responseBody = pm.response.json();\r",
							"\r",
							"pm.test(\"Verify the [id,name,idBoard] keys exist \", function () {\r",
							"\r",
							"    pm.expect(responseBody).to.include.keys(\"id\");\r",
							"    pm.expect(responseBody).to.include.keys(\"name\");\r",
							"    pm.expect(responseBody).to.include.keys(\"idBoard\");\r",
							"\r",
							"});\r",
							"\r",
							"\r",
							"pm.test(\"Verify the most important parameters and confirm its default values\", function () {\r",
							"\r",
							"    var lengthOfLimitkey=Object.keys(responseBody.limits).length;\r",
							"\r",
							"    pm.expect(responseBody.closed).to.equal(false);\r",
							"    pm.expect(lengthOfLimitkey).to.equal(0);\r",
							"\r",
							"});\r",
							""
						],
						"type": "text/javascript"
					}
				},
				{
					"listen": "prerequest",
					"script": {
						"exec": [
							""
						],
						"type": "text/javascript"
					}
				}
			],
			"request": {
				"method": "POST",
				"header": [],
				"url": {
					"raw": "https://api.trello.com/1/lists?name={{listName}}&idBoard={{LastBoardID}}&key={{Key}}&token={{Token}}",
					"protocol": "https",
					"host": [
						"api",
						"trello",
						"com"
					],
					"path": [
						"1",
						"lists"
					],
					"query": [
						{
							"key": "name",
							"value": "{{listName}}"
						},
						{
							"key": "idBoard",
							"value": "{{LastBoardID}}"
						},
						{
							"key": "key",
							"value": "{{Key}}"
						},
						{
							"key": "token",
							"value": "{{Token}}"
						}
					]
				}
			},
			"response": []
		},
		{
			"name": "Get LIsts of a Board",
			"event": [
				{
					"listen": "test",
					"script": {
						"exec": [
							"var responseBody = pm.response.json();\r",
							"var numOfLists = responseBody.length;\r",
							"\r",
							"pm.test(\"Make sure Lists count is at least 3\", function () {\r",
							"    pm.expect(numOfLists).to.be.at.least(3);\r",
							"\r",
							"});\r",
							"\r",
							"function compareListsIDs(a, b) {\r",
							"  if ( a.id < b.id ){\r",
							"    return -1;\r",
							"  }\r",
							"  if ( a.id > b.id ){\r",
							"    return 1;\r",
							"  }\r",
							"  return 0;\r",
							"}\r",
							"\r",
							"responseBody.sort( compareListsIDs );\r",
							"console.log(\"numOfLists = \" +numOfLists);\r",
							"console.log(responseBody);\r",
							"\r",
							"pm.globals.set(\"FirstListID\", responseBody[0].id);\r",
							"\r",
							"pm.globals.set(\"LastListID\", responseBody[numOfLists-1].id);\r",
							"\r",
							"console.log(\"FirstListID = \" + pm.globals.get(\"FirstListID\"));\r",
							"\r",
							"console.log(\"LastListID = \" +pm.globals.get(\"LastListID\"));"
						],
						"type": "text/javascript"
					}
				}
			],
			"request": {
				"method": "GET",
				"header": [],
				"url": {
					"raw": "https://api.trello.com/1/boards/{{LastBoardID}}/lists?key={{Key}}&token={{Token}}",
					"protocol": "https",
					"host": [
						"api",
						"trello",
						"com"
					],
					"path": [
						"1",
						"boards",
						"{{LastBoardID}}",
						"lists"
					],
					"query": [
						{
							"key": "key",
							"value": "{{Key}}"
						},
						{
							"key": "token",
							"value": "{{Token}}"
						}
					]
				}
			},
			"response": []
		},
		{
			"name": "Archive or un-archive a list",
			"event": [
				{
					"listen": "test",
					"script": {
						"exec": [
							"var responseBody = pm.response.json();\r",
							"var valueKey =pm.request.url.query.toObject().value;\r",
							"\r",
							"pm.test(\"Status code is 200\", function () {\r",
							"    pm.response.to.have.status(200);\r",
							"});\r",
							"\r",
							"pm.test(\"Check that (closed) key equals to (value) parameter\", function () {\r",
							"    pm.expect(responseBody.closed.toString()).to.equal(valueKey);\r",
							"});\r",
							"\r",
							"\r",
							"pm.test(\"Check that Set-Cookie response Header contains (isEnterpriseAdmin%3Dfalse)\", function () {\r",
							"    var Set_Cookie_response_Header = pm.response.headers.get(\"Set-Cookie\");\r",
							"    pm.expect(Set_Cookie_response_Header).contain(\"isEnterpriseAdmin%3Dfalse\");\r",
							"});"
						],
						"type": "text/javascript"
					}
				}
			],
			"request": {
				"method": "PUT",
				"header": [],
				"url": {
					"raw": "https://api.trello.com/1/lists/{{LastListID}}/closed?key={{Key}}&token={{Token}}&value=true",
					"protocol": "https",
					"host": [
						"api",
						"trello",
						"com"
					],
					"path": [
						"1",
						"lists",
						"{{LastListID}}",
						"closed"
					],
					"query": [
						{
							"key": "key",
							"value": "{{Key}}"
						},
						{
							"key": "token",
							"value": "{{Token}}"
						},
						{
							"key": "value",
							"value": "true"
						}
					]
				}
			},
			"response": []
		}
	],
	"event": [
		{
			"listen": "prerequest",
			"script": {
				"type": "text/javascript",
				"exec": [
					""
				]
			}
		},
		{
			"listen": "test",
			"script": {
				"type": "text/javascript",
				"exec": [
					""
				]
			}
		}
	],
	"variable": [
		{
			"key": "Key",
			"value": "77945938297dbf7f74d3eae6b8272bdf"
		},
		{
			"key": "Token",
			"value": "115e81ec58d01219d8e7db7369c347697903093bed1d178a00d552f0ec059c93"
		},
		{
			"key": "boardID",
			"value": "62f85b01b1f0bd007479d513"
		},
		{
			"key": "boardName",
			"value": "Created board via API"
		},
		{
			"key": "listName",
			"value": "Eman Mohsen List",
			"type": "string"
		}
	]
}